id,name,city,country,boundary_straight_m,boundary_square_m,pitch_type,surface,floodlights,capacity,operational_status,soil_details,total_matches,avg_first_inn_runs,avg_second_inn_runs,bat_factor,pace_index,boundary_rate
298,AMI Stadium,Christchurch,New Zealand,72,68,Natural,Grass,1,38628,Permanently Closed,Decommissioned after the 2011 earthquake. Replaced by Hagley Oval.,,,,,,
232,"Achimota Senior Secondary School A Field, Accra",Accra,Ghana,65,60,Natural,Grass,0,500,Operational,Local Red Laterite: High iron content; produces lower bounce.,8,154.25,109.125,0.9982311540533793,0.8846153846153846,0.11395713538944068
233,"Achimota Senior Secondary School B Field, Accra",Accra,Ghana,65,60,Natural,Grass,0,500,Operational,Local Red Laterite: Primarily used for school and local league play.,6,132.83333333333334,94.5,0.966728787989503,0.8505747126436781,0.11094452773613193
3,Adelaide Oval,Adelaide,Australia,82,62,Drop-in,Grass,1,53500,Operational,Athelstone Clay: Locally sourced; the most consistent drop-in soil in Australia.,92,167.72826086956522,148.7826086956522,1.0662460803248401,0.9261565836298933,0.15609981515711646
68,Al Amerat Cricket Ground Oman Cricket (Ministry Turf 1),Al Amarat,Oman,70,65,Natural,Grass,1,4000,Operational,Nandipur Clay: Imported from Pakistan to ensure subcontinental conditions.,108,149.38888888888889,133.89814814814815,0.9683506401053626,0.8876967095851216,0.13903381257716357
97,Al Amerat Cricket Ground Oman Cricket (Ministry Turf 2),Al Amarat,Oman,68,64,Natural,Grass,1,3000,Operational,Nandipur Clay: Used for associate qualifiers and domestic T20s.,29,149.31034482758622,124.24137931034483,0.9775004980887063,0.8951612903225806,0.13905645784996132
211,"Amini Park, Port Moresby",Port Moresby,PNG,65,62,Natural,Grass,0,2000,Operational,Local PNG Clay: Sourced from Central Province; historically spin-friendly.,17,129.11764705882354,92.47058823529412,0.9227580430181062,0.8663366336633663,0.0931940129906806
229,"Arnos Vale Ground, Kingstown, St Vincent",Kingstown,St Vincent,72,68,Natural,Grass,1,18000,Operational,Volcanic Clay: Upgraded with floodlights for the 2024 T20 World Cup.,8,141.5,120.75,0.9747607854502174,0.8515625,0.13059125964010282
321,"Arun Jaitley Stadium, Delhi",Delhi,India,68,65,Natural,Grass,1,35200,Operational,Yamuna Silt: Sourced from the local riverbed; traditionally low and slow.,104,172.0,157.16504854368932,1.0907228573730317,0.867862969004894,0.1766302146618064
341,Aurora Stadium,Launceston,Australia,85,70,Drop-in,Grass,1,15500,Operational,Northern Tas Loam: AFL-sized oval used for Hobart Hurricanes home games.,8,143.125,113.375,0.9777521069388557,0.9263157894736842,0.12409638554216867
274,"Ballpark Ground, Graz",Graz,Austria,60,55,Synthetic,Grass,0,200,Operational,Synthetic Matting: Durable mat over concrete to withstand alpine winters.,,,,,,
42,Barabati Stadium,Cuttack,India,70,65,Natural,Grass,1,45000,Operational,Maharashtra Red Soil: Recently imported to improve pace and bounce.,11,160.8181818181818,137.27272727272728,1.0128191959683166,0.8814814814814815,0.15521924718665114
189,"Barsapara Cricket Stadium, Guwahati",Guwahati,India,72,68,Natural,Grass,1,46000,Operational,Odisha Black Soil: Imported clay used to create high-scoring T20 tracks.,8,181.25,172.0,1.0479331110953694,0.8901098901098901,0.19001528273051452
7,Bay Oval,Mt Maunganui,New Zealand,75,70,Natural,Grass,1,10000,Operational,"Patumahoe Clay: Sourced from South Auckland; noted for true, fair bounce.",18,157.05555555555554,148.5,1.005629643228041,0.896551724137931,0.16917399943230202
127,Bayer Uerdingen Cricket Ground,Krefeld,Germany,65,60,Natural,Grass,0,1000,Operational,Ongar Loam: Imported from the UK to maintain ICC European standards.,35,141.4,112.68571428571428,0.9433753864665521,0.8402366863905325,0.12577239958805356
212,"Bayuemas Oval, Kuala Lumpur",Kuala Lumpur,Malaysia,68,64,Natural,Grass,0,1000,Operational,Local Alluvial Clay: Sourced from the Klang Valley; requires high maintenance.,64,122.390625,94.49180327868852,0.8388906540055895,0.8926014319809069,0.09690844233055886
202,"Belgrano Athletic Club Ground, Buenos Aires",Buenos Aires,Argentina,65,60,Natural,Grass,0,500,Operational,Pampas Black Soil: Rich local soil; traditionally low and slow bounce.,10,151.4,113.0,0.9918156424265493,0.8709677419354839,0.12742268041237115
20,Bellerive Oval,Hobart,Australia,80,66,Natural,Grass,1,20000,Operational,Tasmanian Black Soil: Local soil; tends to favor seamers under the lights.,82,164.5731707317073,150.0493827160494,1.0484922607065335,0.9255213505461768,0.156944079810974
89,Bermuda National Stadium,Hamilton,Bermuda,70,65,Natural,Grass,1,8500,Operational,Bermuda Red Clay: Volcanic soil with excellent drainage properties.,,,,,,
145,"Bharat Ratna Shri Atal Bihari Vajpayee Ekana Cricket Stadium, Lucknow",Lucknow,India,72,68,Natural,Grass,1,50000,Operational,Hybrid Square: Features both Red Soil (Mumbai) and Black Soil (Local) pitches.,25,174.04,160.33333333333334,1.0673960928509831,0.9047619047619048,0.16641604010025063
286,"Bir Sreshtho Flight Lieutenant Matiur Rahman Stadium, Chattogram",Chattogram,Bangladesh,68,65,Natural,Grass,0,15000,Operational,Local Hill Tracts Clay: Traditional silt soil that aids finger spinners.,6,155.5,145.16666666666666,1.0004298300863508,0.8902439024390244,0.14786264891380518
362,"Boland Park, Paarl",Paarl,South Africa,70,65,Natural,Grass,1,10000,Operational,"Boland Clay: Sourced locally; noted for being a ""true"" batting surface.",12,164.58333333333334,153.0,1.0226444190425414,0.8778625954198473,0.1425561797752809
282,"Botkyrka Cricket Center, Stockholm",Stockholm,Sweden,65,60,Synthetic,Grass,0,500,Operational,Synthetic Matting: Necessary for consistency in Northern Europe.,6,145.33333333333334,139.66666666666666,0.9853139214987942,0.9367088607594937,0.13940648723257418
330,"Brabourne Stadium, Mumbai",Mumbai,India,70,65,Natural,Grass,1,50000,Operational,Kalyan Red Soil: High iron content; provides excellent pace and bounce.,28,178.07142857142858,166.14285714285714,1.0859173243362403,0.8997050147492626,0.18459946792787466
129,"Bready Cricket Club, Magheramason",Bready,Ireland,68,64,Natural,Grass,0,3000,Operational,Banbury Loam: Imported from the UK for ICC qualifier matches.,8,171.25,145.375,1.0295249788575953,0.875,0.17452574525745257
356,"Brian Lara Stadium, Tarouba",Tarouba,Trinidad,72,68,Natural,Grass,1,15000,Operational,Central Trinidad Clay: Modern square designed for consistent bounce.,57,146.0701754385965,135.92857142857142,0.9564043916116549,0.9202279202279202,0.14358617490141498
56,"Brisbane Cricket Ground, Woolloongabba",Brisbane,Australia,75,70,Natural,Grass,1,42000,Operational,Bulli Clay: Imported from NSW. The hardest/bounciest pitch in Australia.,75,165.49333333333334,152.3783783783784,1.0523011375509277,0.9077412513255567,0.1524365801981332
54,Buffalo Park,East London,South Africa,72,65,Natural,Grass,1,16000,Operational,"Coastal Clay: Affected by the sea air, which helps the ball swing.",6,157.33333333333334,138.0,1.0031556496677136,0.9102564102564102,0.14225648213034336
176,Bulawayo Athletic Club,Bulawayo,Zimbabwe,70,66,Natural,Grass,0,12000,Operational,Local Red Clay: Hard-packed soil that creates high-scoring games.,9,145.33333333333334,131.33333333333334,0.9802497564983782,0.8898305084745762,0.13407015857760693
55,Carrara Oval,Gold Coast,Australia,82,70,Drop-in,Grass,1,21000,Operational,Darling Downs Black Soil: Sourced locally for drop-in squares.,21,155.8095238095238,141.42857142857142,1.001975439968265,0.9401408450704225,0.14609571788413098
128,"Castle Avenue, Dublin",Dublin,Ireland,65,62,Natural,Grass,0,3200,Operational,Ongar Loam: Imported from the UK; historic Irish cricket hub.,5,164.4,165.2,1.011840785792304,0.9107142857142857,0.18113522537562604
267,"Cazaly's Stadium, Cairns",Cairns,Australia,80,72,Natural,Grass,1,13500,Operational,Tropical North QLD Clay: High moisture retention; can be slow.,,,,,,
16,Central Broward Regional Park Stadium Turf Ground,Lauderhill,USA,72,68,Natural,Grass,1,20000,Operational,Imported Clay: A mix of local and Georgia clay to mimic international tracks.,23,161.17391304347825,134.7826086956522,1.0205495621372087,0.8709677419354839,0.1402831402831403
160,"Central Broward Regional Park Stadium Turf Ground, Lauderhill",Lauderhill,USA,70,66,Natural,Grass,0,5000,Operational,Same as ID 16. Used for training and secondary matches.,10,166.6,147.1,1.0244593969282019,0.9343065693430657,0.1469019286007386
295,"Civil Service Cricket Club, Stormont, Belfast",Belfast,Ireland,70,65,Natural,Grass,0,7000,Operational,Banbury Loam: Imported from the UK; doesn't break up in damp weather.,12,135.16666666666666,113.25,0.9515717709807606,0.8848484848484849,0.1153705732018985
269,"Clayton Panama, Panama City",Panama City,Panama,60,55,Synthetic,Grass,0,500,Operational,AstroTurf over Concrete: Vital for playing after tropical rains.,7,117.42857142857143,84.14285714285714,0.9368896164743556,0.8850574712643678,0.09595613433858807
76,College Field,St Peter Port,Guernsey,65,60,Natural,Grass,0,1000,Operational,English Loam: Imported to maintain a traditional grass square.,6,130.16666666666666,110.83333333333333,0.9627639595075209,0.8518518518518519,0.12795125666412796
115,"Coolidge Cricket Ground, Antigua",Antigua,Antigua,68,64,Natural,Grass,1,5000,Operational,Local Antigua Clay: Known as the CWI high-performance training hub.,11,156.1818181818182,105.0,1.002219674663663,0.8428571428571429,0.1329639889196676
10,County Ground,Taunton,UK,65,60,Natural,Grass,1,8500,Operational,"Oxfordshire Loam: Known for being a high-scoring, small-boundary venue.",8,184.375,172.125,1.0536856524196736,0.9038461538461539,0.19069529652351738
122,"Daren Sammy National Cricket Stadium, Gros Islet, St Lucia",Gros Islet,St Lucia,72,68,Natural,Grass,1,15000,Operational,Volcanic North St Lucia Clay: Provides good carry for fast bowlers.,72,159.97222222222223,151.13235294117646,1.0240076466319414,0.8929845422116528,0.15844267849442495
304,De Beers Diamond Oval,Kimberley,South Africa,75,70,Natural,Grass,1,11000,Operational,Karoo Clay: Very dry soil; often leads to early cracking and turn.,,,,,,
138,"Desert Springs Cricket Ground, Almeria",Almeria,Spain,70,65,Natural,Grass,0,1000,Operational,Ongar Loam: Imported from the UK; first grass square in Spain.,29,123.75862068965517,113.65517241379311,0.8800688838873449,0.8310991957104558,0.08931926578985402
331,"Dr DY Patil Sports Academy, Mumbai",Mumbai,India,72,68,Natural,Grass,1,55000,Operational,Red Soil: Sourced from Kalyan; known for high bounce and outfield speed.,37,159.64864864864865,148.0,1.0185595262278246,0.9106382978723404,0.1539671836367723
64,Dr. Y.S. Rajasekhara Reddy ACA-VDCA Cricket Stadium,Vizag,India,70,65,Natural,Grass,1,25000,Operational,Coastal Black Soil: High water table makes it a traditionally slow track.,21,165.57142857142858,141.14285714285714,1.03418967138437,0.9007352941176471,0.16258351893095768
237,Dreux Sport Cricket Club,Dreux,France,62,58,Synthetic,Grass,0,500,Operational,Synthetic Matting: Standard for ECN and domestic French cricket.,7,143.42857142857142,124.57142857142857,0.9803191729019928,0.8715596330275229,0.12755716004813478
17,Dubai International Cricket Stadium,Dubai,UAE,74,68,Natural,Grass,1,25000,Operational,Nandipur Clay: Imported from Pakistan to mimic Asian conditions.,199,150.8643216080402,136.89447236180905,0.9745531101135098,0.8958003169572107,0.1377841211682253
58,Eden Gardens,Kolkata,India,68,64,Natural,Grass,1,68000,Operational,Alluvial Silt: Sourced locally; recently upgraded with foreign clay.,111,167.12612612612614,151.72972972972974,1.065047644275049,0.8869093725793958,0.1778657645882986
8,Eden Park,Auckland,New Zealand,65,55,Drop-in,Grass,1,42000,Operational,Patumahoe Clay: Famous for extremely short straight boundaries.,32,167.96875,153.0,1.0505826686983168,0.9389671361502347,0.18039492242595204
34,Edgbaston,Birmingham,UK,72,68,Natural,Grass,1,25000,Operational,Banbury Loam: Considered the fairest and loudest pitch in England.,8,175.375,145.5,1.0371183334056768,0.8790322580645161,0.17583015786608602
137,Entebbe Cricket Oval,Entebbe,Uganda,68,64,Natural,Grass,0,2000,Operational,Lake Victoria Silt: Locally sourced; tends to favor slow bowling.,19,133.78947368421052,109.36842105263158,0.9327619295371178,0.8740157480314961,0.10488704472106962
281,Estonian National Cricket and Rugby Field,Tallinn,Estonia,65,60,Synthetic,Grass,0,1000,Operational,Synthetic Matting: Durable setup for Baltic weather.,5,156.0,130.8,1.001016804036493,0.9125,0.1315345699831366
206,Europa Sports Complex,Gibraltar,Gibraltar,62,58,Synthetic,Artificial,0,1500,Operational,Synthetic Matting: Part of a multi-purpose sports complex.,17,140.7058823529412,126.82352941176471,0.957061846201742,0.8528138528138528,0.12375859434682965
247,"Faleata Oval No 2, Apia",Apia,Samoa,68,65,Natural,Grass,0,1500,Operational,Volcanic Pacific Soil: Highly mineralized; fast outfield.,12,147.91666666666666,128.91666666666666,0.9823766297724107,0.89171974522293,0.13540912382331644
220,"GB Oval, Szodliget",Szodliget,Hungary,65,62,Natural,Grass,0,500,Operational,UK Loam: Imported to maintain a turf square in Central Europe.,13,167.76923076923077,121.83333333333333,1.0318741740516617,0.9425287356321839,0.15051110327811068
161,"GMHBA Stadium, South Geelong",Geelong,Australia,85,65,Drop-in,Grass,1,40000,Operational,Victorian Black Clay: Long and narrow AFL dimensions.,20,141.95,133.57894736842104,0.9572810149516051,0.932806324110672,0.1268773817529702
159,"Gaddafi Stadium, Lahore",Lahore,Pakistan,72,68,Natural,Grass,1,34000,Operational,Nandipur Clay: High clay content; a historic batting paradise.,93,173.13978494623655,153.46153846153845,1.0950682376320648,0.9037037037037037,0.17244062056656445
199,"Gahanga International Cricket Stadium, Rwanda",Kigali,Rwanda,70,65,Natural,Grass,0,10000,Operational,Local Rwandan Soil: Developed as a dedicated high-standard cricket hub.,115,132.8608695652174,105.52678571428571,0.8773351730469077,0.873144399460189,0.1274751458384685
344,Geelong Cricket Ground,Geelong,Australia,75,70,Natural,Grass,0,2000,Operational,Victorian Loam: Separate from the AFL stadium; used for club play.,,,,,,
257,Gelephu International Cricket Ground,Gelephu,Bhutan,65,62,Natural,Grass,0,3000,Operational,Himalayan Clay: Bhutan’s first natural grass international venue.,18,138.77777777777777,94.22222222222223,0.9498481583022598,0.8594377510040161,0.10420128174697366
210,"Goldenacre, Edinburgh",Edinburgh,Scotland,68,64,Natural,Grass,0,3000,Operational,Banbury Loam: Imported from UK; standard for elite Scottish play.,8,153.0,104.375,0.9959301375236574,0.9444444444444444,0.1393348623853211
275,"Grainville, St Saviour",St Saviour,Jersey,70,65,Natural,Grass,0,2000,Operational,English Loam: Imported to survive the coastal humidity.,,,,,,
227,"Grand Prairie Stadium, Dallas",Dallas,USA,75,70,Natural,Grass,1,15000,Operational,Imported Clay: Designed specifically for professional T20 cricket.,7,153.28571428571428,152.0,0.9967842245146686,0.9,0.13693901035673187
134,"Grange Cricket Club Ground, Raeburn Place, Edinburgh",Edinburgh,Scotland,70,65,Natural,Grass,0,5000,Operational,Ongar Loam: Imported from UK; Scotland's premier ground.,24,168.5,134.79166666666666,1.0467015993033049,0.9090909090909091,0.16265169353378012
13,Green Park,Kanpur,India,72,66,Natural,Grass,1,32000,Operational,Ganga Alluvial Silt: Sourced locally; traditionally aids spin.,5,158.4,160.2,1.004109370252439,0.8813559322033898,0.18588640275387264
38,Greenfield International Stadium,Trivandrum,India,70,65,Natural,Grass,1,50000,Operational,Local Red Soil Mix: Combines local soil with imported Maharashtra clay.,,,,,,
131,Gucherre Cricket Ground,Albergaria,Portugal,62,58,Synthetic,Grass,0,300,Operational,Synthetic Matting: Home for domestic Portuguese cricket.,,,,,,
243,"Guernsey Rovers Athletic Club Ground, Port Soif",Guernsey,Guernsey,65,60,Natural,Grass,0,1000,Operational,UK Loam: Coastal conditions lead to significant seam movement.,13,128.0,116.23076923076923,0.9309362489478672,0.8602150537634409,0.10828025477707007
294,Gymkhana Club Ground,Nairobi,Kenya,72,68,Natural,Grass,0,7000,Operational,Kenyan Red Clay: Hard and fast surface at altitude.,,,,,,
251,"Gymkhana Club Ground, Dar-es-Salaam",Dar-es-Salaam,Tanzania,65,60,Natural,Grass,0,2000,Operational,Coastal Silt: Naturally occurring soil from the region.,7,81.42857142857143,50.285714285714285,0.8767563844976269,0.9207920792079208,0.06555944055944056
191,"Gymkhana Club Ground, Nairobi",Nairobi,Kenya,72,68,Natural,Grass,0,7000,Operational,Kenyan Red Clay: Historic hub for Kenyan cricket since the 2003 WC.,27,131.07407407407408,98.70370370370371,0.9106645318365714,0.8657534246575342,0.11154366960054164
180,"Hagley Oval, Christchurch",Christchurch,New Zealand,78,72,Natural,Grass,1,18000,Operational,Patumahoe Clay: NZ's premier boutique test venue.,14,159.57142857142858,144.0,1.0115681940210455,0.967948717948718,0.14887551472917326
152,Happy Valley Ground,Episkopi,Cyprus,65,60,Natural,Grass,0,500,Operational,Local Limestone Clay: Very dry and favors slow bowlers.,14,146.21428571428572,133.5,0.9761325394633303,0.8829787234042553,0.12265861027190332
287,Happy Valley Ground 2,Episkopi,Cyprus,65,60,Natural,Grass,0,500,Operational,Same as ID 152. Primarily used for military and local leagues.,7,144.57142857142858,120.85714285714286,0.9822281643933177,0.8617021276595744,0.10011641443538999
5,Harare Sports Club,Harare,Zimbabwe,75,70,Natural,Grass,1,10000,Operational,Mashonaland Red Clay: High-scoring ground at altitude.,66,158.56060606060606,136.5625,1.0165626320221743,0.9152334152334153,0.13982554354901705
51,Hazelaarweg,Rotterdam,Netherlands,70,66,Natural,Grass,0,3500,Operational,Dutch Loam: High-density clay to handle heavy rainfall.,5,160.4,146.4,1.0066865087657273,0.85,0.1360708534621578
106,"Headingley, Leeds",Leeds,UK,75,70,Natural,Grass,1,18000,Operational,Oxfordshire Loam: Known for swinging conditions due to local airflow.,,,,,,
320,Himachal Pradesh Cricket Association Stadium,Dharamshala,India,70,65,Natural,Grass,1,23000,Operational,Ryegrass/Black Soil Mix: Winter-grade grass for high altitude.,25,166.96,148.8695652173913,1.0420542308036476,0.9071428571428571,0.18822234452394057
43,Holkar Cricket Stadium,Indore,India,65,62,Natural,Grass,1,30000,Operational,Maharashtra Red Soil: Sourced for pace and bounce.,12,172.66666666666666,160.25,1.0421742968385548,0.9083969465648855,0.19783501306457635
203,"Hurlingham Club Ground, Buenos Aires",Buenos Aires,Argentina,65,60,Natural,Grass,0,500,Operational,Pampas Clay: Historic English-style square in South America.,15,122.33333333333333,96.26666666666667,0.9092177979917256,0.8277310924369747,0.08388394139615053
91,ICC Academy Ground No 2,Dubai,UAE,70,66,Natural,Grass,1,3000,Operational,Nandipur Clay: Imported from Pakistan for training.,5,155.8,135.4,1.000759090185164,0.8970588235294118,0.14517506404782238
153,"ICC Academy, Dubai",Dubai,UAE,72,68,Natural,Grass,1,5000,Operational,"Global Soils: Pitches use Bulli (AUS), Ongar (UK), and Pakistan clay.",41,144.46341463414635,127.58536585365853,0.953458664516681,0.912962962962963,0.12518471606502005
312,ICC Global Cricket Academy,Dubai,UAE,72,68,Natural,Grass,1,5000,Operational,Same as ID 153. Premier high-performance hub.,,,,,,
193,"Independence Park, Port Vila",Port Vila,Vanuatu,68,62,Natural,Grass,0,1000,Operational,Coral-based Clay: Highly porous and well-draining local soil.,10,143.1,135.8,0.9739904343763048,0.8601398601398601,0.12875900042354935
84,Indian Association Ground,Singapore,Singapore,65,60,Natural,Grass,1,1000,Operational,Local Coastal Clay: Sourced from Jurong; high moisture retention.,14,150.64285714285714,136.92857142857142,0.9878812591562626,0.8594594594594595,0.16053299492385786
175,"Indian Association Ground, Singapore",Singapore,Singapore,65,60,Natural,Grass,1,1000,Operational,Same as ID 84. Key hub for domestic and T20I cricket.,5,161.4,154.6,1.0079750780223715,0.890625,0.1396551724137931
154,Integrated Polytechnic Regional Centre,Kigali,Rwanda,68,64,Natural,Grass,0,10000,Operational,Kicukiro Clay: Local soil renovated for ICC accreditation.,34,125.61764705882354,84.0625,0.8799517865858625,0.8842364532019704,0.11986247851226754
346,International Sports Stadium,Coffs Harbour,Australia,82,72,Natural,Grass,1,10000,Operational,NSW Black Clay: Known for superior sub-surface drainage.,,,,,,
351,"International Sports Stadium, Coffs Harbour",Coffs Harbour,Australia,82,72,Natural,Grass,1,10000,Operational,Same as ID 346. Frequently hosts BBL and state cricket.,,,,,,
276,"Ishoj Cricket Club, Vejledalen",Ishoj,Denmark,62,58,Synthetic,Grass,0,500,Operational,Synthetic Matting: Durable setup for local league consistency.,5,155.2,110.8,0.9999859486311775,0.8809523809523809,0.10743801652892562
32,JSCA International Stadium Complex,Ranchi,India,75,70,Natural,Grass,1,50000,Operational,Jharkhand Black Soil: Designed to prevent stadium shadows.,11,153.27272727272728,136.27272727272728,0.9955689946293703,0.8604651162790697,0.14336075205640422
293,Jade Stadium,Christchurch,New Zealand,,,Natural,Grass,0,38000,Permanently Closed,Legacy name for AMI Stadium; dismantled.,,,,,,
270,"Jimmy Powell Oval, Cayman Islands",George Town,Caymans,65,60,Natural,Grass,0,1000,Operational,Grand Cayman Red Soil: Volcanic-based soil; consistent low bounce.,13,133.46153846153845,100.38461538461539,0.9447981303451001,0.9121621621621622,0.10320284697508897
260,Jinja Cricket Ground,Jinja,Uganda,66,62,Natural,Grass,0,1000,Operational,Nile River Silt: Sourced from river banks; favors spin.,,,,,,
183,"John Davies Oval, Queenstown",Queenstown,New Zealand,75,70,Natural,Grass,0,19000,Operational,Otago Loam: Spectacular setting; traditionally pace-friendly.,,,,,,
350,"Junction Oval, Melbourne",Melbourne,Australia,78,72,Natural,Grass,1,7000,Operational,Merri Creek Clay: Dedicated cricket-only boutique venue.,,,,,,
290,"Kennington Oval, London",London,UK,75,70,Natural,Grass,1,27500,Operational,Oxfordshire Loam: Historically the truest bounce in England.,17,151.2941176470588,134.75,0.9884054227147087,0.8719211822660099,0.15919977458438997
25,"Kensington Oval, Bridgetown",Bridgetown,Barbados,72,68,Natural,Grass,1,28000,Operational,Coral-Lime Clay: World-famous for high bounce and carry.,75,155.97333333333333,140.06944444444446,1.0038780612749305,0.8921775898520085,0.14830805134189032
133,Kerava National Cricket Ground,Kerava,Finland,65,60,Natural,Grass,0,1000,Operational,Imported UK Loam: High-clay loam to survive Finnish winters.,30,138.03333333333333,110.16666666666667,0.933596529176357,0.8530927835051546,0.10884150887132846
325,Khan Shaheb Osman Ali Stadium,Fatullah,Bangladesh,70,65,Natural,Grass,1,25000,Operational,Buriganga River Silt: High water table makes it damp and slow.,,,,,,
75,King George V Sports Ground,Castel,Guernsey,65,60,Natural,Grass,0,1500,Operational,English Loam: Coastal climate ensures swing and seam.,9,125.44444444444444,106.625,0.9404818432329801,0.8538461538461538,0.08121827411167512
242,"King George V Sports Ground, Castel",Castel,Guernsey,65,60,Natural,Grass,0,1500,Operational,Same as ID 75. Primary ICC hub in the Channel Islands.,16,153.375,119.4,0.9947429105284485,0.8932584269662921,0.13917525773195877
77,Kingsmead,Durban,South Africa,72,68,Natural,Grass,1,25000,Operational,"Coastal Clay: Famous for the ""tide"" effect and sea-breeze swing.",29,152.20689655172413,138.6206896551724,0.9885453774313706,0.8727272727272727,0.1453822359699514
208,"Kingsmead, Durban",Durban,South Africa,72,68,Natural,Grass,1,25000,Operational,Same as ID 77. One of the world's most historic seam venues.,12,162.91666666666666,147.8181818181818,1.0186176401155285,0.934640522875817,0.1802827965435978
79,Kinrara Academy Oval,Kuala Lumpur,Malaysia,68,65,Natural,Grass,1,4000,Permanently Closed,Closed in 2022; land transitioned to commercial development.,17,148.2941176470588,135.625,0.9795247427027013,0.8551401869158879,0.13554526748971193
277,Koge Cricket Club,Koge,Denmark,62,58,Synthetic,Grass,0,500,Operational,Synthetic Matting: Standard for domestic league consistency.,,,,,,
73,Kyambogo Cricket Oval,Kampala,Uganda,68,64,Natural,Grass,0,1000,Operational,Local Kampala Clay: Slower bounce; spinner's paradise.,6,115.5,96.5,0.9409574028566192,0.821917808219178,0.1125506072874494
92,La Manga Club Bottom Ground,Murcia,Spain,65,60,Natural,Grass,0,1000,Operational,Imported UK Loam: Maintains professional standards in arid heat.,10,101.1,94.66666666666667,0.8837905864112119,0.8666666666666667,0.08893594494441504
235,La Manga Club Top Ground,Murcia,Spain,65,60,Natural,Grass,0,1000,Operational,Same as ID 92. High-usage training hub for European teams.,7,153.0,98.14285714285714,0.9963069766418374,0.8705882352941177,0.11984021304926765
353,"Lavington Sports Oval, Albury",Albury,Australia,82,70,Natural,Grass,1,20000,Operational,NSW Black Clay: Regional hub frequently used for BBL matches.,,,,,,
184,Lisicji Jarak Cricket Ground,Belgrade,Serbia,64,60,Synthetic,Grass,0,500,Operational,Standard Matting: Used for international associate Balkan fixtures.,5,187.4,165.0,1.0414778786951204,0.8421052631578947,0.1781789638932496
50,Lord's,London,UK,72,68,Natural,Grass,1,31100,Operational,Oxfordshire Loam: Home of the famous 2.5m pitch slope.,10,157.6,135.66666666666666,1.0051308580785392,0.8290598290598291,0.12882096069868995
236,Los Reyes Polo Club,Guacima,Costa Rica,60,55,Synthetic,Grass,0,300,Operational,Synthetic Matting: Used for domestic T20 league play.,,,,,,
74,Lugogo Cricket Oval,Kampala,Uganda,68,62,Natural,Grass,0,2000,Operational,Lake Victoria Basin Silt: Low bounce; spin-friendly.,,,,,,
15,M Chinnaswamy Stadium,Bangalore,India,65,60,Natural,Grass,1,40000,Operational,Karnataka Red Soil: Known for high-bounce and high scores.,108,170.33333333333334,154.96226415094338,1.0822078142666576,0.8853754940711462,0.18076984892317582
60,"MA Chidambaram Stadium, Chepauk",Chennai,India,70,66,Natural,Grass,1,38000,Operational,Local Red Soil: High iron content; famous for late-game turn.,94,164.09574468085106,150.77659574468086,1.047200911567393,0.8797190517998245,0.1506448087431694
332,"Maharaja Yadavindra Singh International Cricket Stadium, Mullanpur",Mohali,India,72,70,Natural,Grass,1,33000,Operational,Odisha Black Soil: Modern alternative to the old Mohali track.,12,172.58333333333334,160.33333333333334,1.0419729578922041,0.9112426035502958,0.17780938833570412
93,"Maharashtra Cricket Association Stadium, Pune",Pune,India,75,70,Natural,Grass,1,37000,Operational,Volcanic Black Soil: Naturally hard soil; provides great carry.,56,162.98214285714286,144.71428571428572,1.036892868775755,0.8670520231213873,0.15134370579915135
359,"Mahinda Rajapaksa International Cricket Stadium, Sooriyawewa, Hambantota",Hambantota,Sri Lanka,75,70,Natural,Grass,1,35000,Operational,Southern Province Silt: Wind-affected; dry and often slow.,39,158.53846153846155,139.6315789473684,1.0141715011721184,0.8760330578512396,0.1662290215778057
284,Malkerns Country Club oval,Malkerns,Eswatini,62,58,Natural,Grass,0,500,Operational,Local Red Clay: Hard soil; traditionally low bounce.,5,151.2,154.75,0.9948316716046008,0.8688524590163934,0.19401544401544402
23,Mangaung Oval,Bloemfontein,South Africa,75,70,Natural,Grass,1,20000,Operational,Free State Clay: Known for being exceptionally batting-friendly.,,,,,,
71,Manuka Oval,Canberra,Australia,82,72,Drop-in,Grass,1,13550,Operational,"Local Canberra Clay: Consistent, reliable bounce for drop-ins.",35,161.0,140.64705882352942,1.0237352510172713,0.928921568627451,0.1518143351711758
278,"Maple Leaf North-East Ground, King City",King City,Canada,68,64,Natural,Grass,0,7000,Operational,Imported UK Loam: Maintains turf quality in cold weather.,,,,,,
254,"Maple Leaf North-West Ground, King City",King City,Canada,70,65,Natural,Grass,0,7000,Operational,Same as ID 278. Canada's primary international hub.,19,127.52631578947368,106.05263157894737,0.9131029883139565,0.8663793103448276,0.12952038984354963
266,"Marrara Stadium, Darwin",Darwin,Australia,80,72,Natural,Grass,1,15000,Operational,"Darwin Black Clay: Used for ""winter"" cricket in the dry season.",,,,,,
126,Marsa Sports Club,Marsa,Malta,68,64,Natural,Grass,0,1000,Operational,Imported Loam: High maintenance to handle Mediterranean heat.,57,160.12280701754386,144.3684210526316,1.023426727622823,0.8783216783216783,0.1437284150194724
339,"Marvel Stadium, Melbourne",Melbourne,Australia,82,70,Drop-in,Grass,1,53359,Operational,Merri Creek Clay: Only indoor cricket stadium with a roof.,69,160.1304347826087,145.82608695652175,1.024573130149528,0.8967136150234741,0.14230486008836524
6,McLean Park,Napier,New Zealand,70,65,Natural,Grass,1,19700,Operational,Patumahoe Clay: Historically high-scoring with fast outfield.,6,170.33333333333334,139.83333333333334,1.0224841885173763,0.9487179487179487,0.16852264291017074
172,"Meersen, Gent",Ghent,Belgium,62,58,Synthetic,Grass,0,300,Operational,ECN Standard Mat: Primary Belgian league venue.,5,124.0,119.6,0.959782587823879,0.8,0.12040441176470588
1,Melbourne Cricket Ground,Melbourne,Australia,84,75,Drop-in,Grass,1,100024,Operational,Merri Creek Clay: World's biggest cricket ground by area.,92,154.90217391304347,142.46153846153845,0.9983660926980483,0.879646017699115,0.1327700663850332
204,"Mission Road Ground, Mong Kok, Hong Kong",Mong Kok,Hong Kong,65,60,Natural,Grass,0,3500,Operational,New Territories Clay: Humid conditions often assist swing.,30,155.4,131.75,1.000730987447519,0.8916876574307305,0.15552836825202632
246,"Mladost Cricket Ground, Zagreb",Zagreb,Croatia,62,58,Synthetic,Grass,0,300,Operational,Synthetic Matting: Durable for emerging associate cricket.,9,148.0,103.77777777777777,0.9855817672155266,0.9338842975206612,0.13441131884790297
139,"Moara Vlasiei Cricket Ground, Ilfov County",Ilfov County,Romania,68,64,Natural,Grass,0,1000,Operational,Imported UK Loam: High clay content for Central European rain.,37,160.16216216216216,143.8918918918919,1.020707141655565,0.9036608863198459,0.1553726462960875
309,Mombasa Sports Club Ground,Mombasa,Kenya,70,65,Natural,Grass,0,2000,Operational,Coastal Clay Silt: Slower bounce compared to Nairobi tracks.,,,,,,
305,Moses Mabhida Stadium,Durban,South Africa,72,68,Drop-in,Grass,1,54000,Operational,Local Black Soil: Occasional T20 hub; multi-purpose FIFA venue.,,,,,,
224,Mulpani Cricket Ground,Kathmandu,Nepal,70,65,Natural,Grass,0,10000,Operational,Kathmandu Valley Clay: Sourced locally; very high altitude.,13,151.92307692307693,138.0,0.9916551942230707,0.896969696969697,0.14627831715210357
336,Multan Cricket Stadium,Multan,Pakistan,75,70,Natural,Grass,1,30000,Operational,"Local Punjab Silt: Famous for being a very dry, flat track.",16,171.6875,153.6875,1.0471805205557745,0.95,0.17486195109124375
265,"Namibia Cricket Ground, Windhoek",Windhoek,Namibia,70,65,Natural,Grass,0,1000,Operational,Arid Zone Clay: Hard and fast in the African heat.,,,,,,
198,"Narendra Modi Stadium, Ahmedabad",Ahmedabad,India,75,70,Natural,Grass,1,132000,Operational,Hybrid Square: Features both Red and Black soil pitches.,53,181.64150943396226,163.54716981132074,1.1236339886105187,0.8915094339622641,0.18083766336010076
228,"Nassau County International Cricket Stadium, New York",New York,USA,72,68,Drop-in,Grass,0,34000,Permanently Closed,Modular stadium for 2024 World Cup; dismantled.,8,107.625,106.0,0.9124032374947577,0.897196261682243,0.0844994617868676
121,"National Cricket Stadium, St George's, Grenada",St George's,Grenada,72,68,Natural,Grass,1,20000,Operational,Grenadian Volcanic Soil: Rich soil; very green outfield.,10,169.4,162.7,1.0304727201258748,0.9457364341085271,0.160503860219423
125,"National Sports Academy, Sofia",Sofia,Bulgaria,65,60,Synthetic,Grass,0,500,Operational,Synthetic Matting: Standard for Bulgarian international play.,16,154.875,136.3125,0.9990381413839293,0.8795811518324608,0.18746372605919906
222,"National Stadium, Hamilton",Hamilton,Bermuda,70,65,Natural,Grass,1,8500,Operational,Bermuda Red Clay: Similar to ID 89; excellent drainage.,5,164.0,80.4,1.0113253580896464,0.9154929577464789,0.1172668513388735
158,"National Stadium, Karachi",Karachi,Pakistan,72,68,Natural,Grass,1,34000,Operational,"Nandipur Clay: Known as a historic ""road"" for batters.",88,172.72727272727272,157.27272727272728,1.0919561435644265,0.9036482694106641,0.1755113717636962
334,Nehru Stadium,Kochi,India,75,70,Natural,Grass,1,55000,Operational,Local Kerala Silt: High moisture often makes it slower.,5,146.8,125.8,0.9891619668753665,0.8709677419354839,0.14025974025974025
289,"New Wanderers Stadium, Johannesburg",Johannesburg,South Africa,75,70,Natural,Grass,1,28000,Operational,"Highveld Clay: At altitude, the ball travels fast and far.",50,173.22,147.62,1.082878452271092,0.895330112721417,0.16768655447900732
41,Newlands,Cape Town,South Africa,72,68,Natural,Grass,1,25000,Operational,Paarl Clay: Sourced locally; famous for seaming conditions.,39,156.33333333333334,141.7948717948718,1.0047802337084404,0.8783505154639175,0.14519115564753296
261,"Nigeria Cricket Federation Oval 1, Abuja",Abuja,Nigeria,68,64,Natural,Grass,0,2000,Operational,Central Nigeria Red Clay: Hard and dry surface.,24,128.45833333333334,109.08333333333333,0.9059839793447751,0.8541033434650456,0.10589959692194943
262,"Nigeria Cricket Federation Oval 2, Abuja",Abuja,Nigeria,68,64,Natural,Grass,0,2000,Operational,Same as ID 261. Key facility for Nigerian cricket growth.,5,109.8,68.2,0.9414849043795316,0.8787878787878788,0.10303687635574837
354,"North Sydney Oval, Sydney",Sydney,Australia,68,58,Natural,Grass,1,16000,Operational,Bulli Clay: Sourced from NSW. Historically high-scoring.,,,,,,
303,OUTsurance Oval,Bloemfontein,South Africa,75,70,Natural,Grass,1,20000,Operational,Same as ID 23. Known for high-scoring white-ball cricket.,,,,,,
35,Old Trafford,Manchester,UK,73,68,Natural,Grass,1,26000,Operational,"Oxfordshire Loam: The ""spinning"" capital of English cricket.",13,166.69230769230768,130.5,1.0291408453254467,0.8840579710144928,0.17702805155420773
318,P Sara Oval,Colombo,Sri Lanka,70,66,Natural,Grass,1,15000,Operational,Kelani River Silt: Historic ground; assists pace early.,,,,,,
86,Pallekele International Cricket Stadium,Kandy,Sri Lanka,75,70,Natural,Grass,1,35000,Operational,Kandy Clay: High humidity leads to significant swing.,49,168.14285714285714,150.40816326530611,1.0591682685138726,0.9041322314049587,0.16883680555555555
72,Perth Stadium,Perth,Australia,80,72,Drop-in,Grass,1,60000,Operational,Harvey WA Clay: Designed to mimic WACA's legendary pace.,50,161.7,147.02,1.0298630314263026,0.9,0.1545679433592084
99,Pierre Werner Cricket Ground,Walferdange,Luxembourg,65,60,Natural,Grass,0,1000,Operational,Ongar Loam: Imported to handle heavy rainfall.,6,163.33333333333334,123.33333333333333,1.0120765137521734,0.8795180722891566,0.1322930800542741
234,Prairie View Cricket Complex,Houston,USA,72,68,Natural,Grass,0,5000,Operational,Waller County Clay: Local Texas soil; slow and consistent.,7,155.71428571428572,149.71428571428572,1.0008408314337336,0.8953488372093024,0.15641791044776118
83,"Providence Stadium, Guyana",Guyana,Guyana,72,68,Natural,Grass,1,15000,Operational,Demerara River Silt: Low bounce; spinner's paradise.,85,151.81176470588235,130.6144578313253,0.982271318463646,0.8999037536092397,0.14345641928634315
301,"Punjab Cricket Association IS Bindra Stadium, Mohali",Mohali,India,75,70,Natural,Grass,1,26000,Operational,Punjab Black Soil: Known for having the best grass cover in India.,67,169.56716417910448,159.1492537313433,1.0712319152146315,0.8911022576361222,0.17010470875916986
26,"Queen's Park Oval, Port of Spain",Port of Spain,Trinidad,72,68,Natural,Grass,1,20000,Operational,"Local Caroni Clay: Traditional slow, spinning track.",60,149.85,138.03333333333333,0.9740953866554918,0.8939597315436242,0.13745510879515527
167,"Queens Sports Club, Bulawayo",Bulawayo,Zimbabwe,72,68,Natural,Grass,0,13000,Operational,Local Red Clay: High-bounce and very flat surface.,23,153.7826086956522,128.34782608695653,0.9950778442733121,0.8722044728434505,0.12724935732647816
120,"R Premadasa Stadium, Colombo",Colombo,Sri Lanka,70,66,Natural,Grass,1,35000,Operational,Kelani River Clay: Sourced locally; favors spinners under D/N.,102,149.35294117647058,133.3861386138614,0.9684452481851441,0.8963963963963963,0.1415722563348612
81,"Rajiv Gandhi International Stadium, Uppal",Hyderabad,India,75,70,Natural,Grass,1,39000,Operational,Telangana Black Soil: Sourced locally; very hard and dry.,86,167.1860465116279,155.63529411764705,1.0625966401900986,0.8854271356783919,0.1678016755670962
255,Rangiri Dambulla International Stadium,Dambulla,Sri Lanka,75,70,Natural,Grass,1,16800,Operational,Central Province Clay: Dry zone soil; seamer-friendly early.,15,176.4,163.66666666666666,1.0585077504400733,0.8894472361809045,0.1815913501524813
100,Rawalpindi Cricket Stadium,Rawalpindi,Pakistan,75,70,Natural,Grass,1,28000,Operational,Potohar Clay: Extremely hard surface; produces high pace.,52,179.07692307692307,157.44,1.1110525637410174,0.9230769230769231,0.1971153846153846
12,Riverside Ground,Chester-le-S,UK,75,70,Natural,Grass,1,19000,Operational,Oxfordshire Loam: Historically favors swing bowlers.,5,163.2,150.4,1.010294502684331,0.9142857142857143,0.15004122011541632
238,Roma Cricket Ground,Spinaceto,Italy,64,60,Synthetic,Grass,0,500,Operational,Synthetic Matting: Home hub for Italian national team.,12,140.91666666666666,112.33333333333333,0.9654641582789557,0.9428571428571428,0.12277515437704323
173,"Royal Brussels Cricket Club Ground, Waterloo",Waterloo,Belgium,65,60,Natural,Grass,0,500,Operational,UK Loam: Imported to maintain professional standards.,10,154.9,136.8,0.9993322964236405,0.8865248226950354,0.14864300626304802
258,"Ruaraka Sports Club Ground, Nairobi",Nairobi,Kenya,68,64,Natural,Grass,0,1000,Operational,Kenyan Red Clay: Standard Nairobi high-altitude pitch.,6,195.0,85.83333333333333,1.059158851975711,0.9012345679012346,0.16437364228819695
28,"Sabina Park, Kingston",Kingston,Jamaica,72,68,Natural,Grass,1,20000,Operational,Liguanea Plain Soil: Historically fast and bouncy.,37,163.43243243243242,143.97297297297297,1.0343840609585426,0.906183368869936,0.1545773452529139
194,Sano International Cricket Ground,Sano,Japan,68,64,Natural,Grass,0,2500,Operational,Imported NSW Clay: Australia soil brought in for professional play.,21,143.61904761904762,75.95238095238095,0.9617469363462026,0.8877887788778878,0.10284705363054514
205,Santarem Cricket Ground,Albergaria,Portugal,62,58,Synthetic,Grass,0,300,Operational,ECN Standard Mat: Used for European Cricket Network.,6,163.66666666666666,128.0,1.0125721173124211,0.8780487804878049,0.13504155124653738
256,Sao Fernando Polo and Cricket Club,Seropedica,Brazil,65,60,Natural,Grass,0,500,Operational,"Local Rio Clay: Sourced locally; very low, slow bounce.",,,,,,
288,"Sao Fernando Polo and Cricket Club, Campo Sede",Seropedica,Brazil,65,60,Natural,Grass,0,500,Operational,Same as ID 256. Primary hub for Brazilian cricket.,,,,,,
37,Saurashtra Cricket Association Stadium,Rajkot,India,70,65,Natural,Grass,1,28000,Operational,Saurashtra Black Soil: Known as India's flattest track.,16,175.4375,156.75,1.057918597694476,0.8817204301075269,0.17611548556430445
329,Sawai Mansingh Stadium,Jaipur,India,72,68,Natural,Grass,1,30000,Operational,Rajasthan Sand/Clay: Traditionally stay low and aids spin.,65,165.5076923076923,152.7846153846154,1.050731062528126,0.8744650499286734,0.1646807408366792
245,"Saxton Oval, Nelson",Nelson,New Zealand,75,70,Natural,Grass,0,6000,Operational,Patumahoe Clay: Noted for exceptional boutique drainage.,5,160.0,171.25,1.0061710810630695,0.8888888888888888,0.1827852998065764
124,"Scott Page Field, Vinor",Prague,Czech Rep,65,62,Synthetic,Grass,0,500,Operational,Synthetic Matting: Primary Czech international venue.,19,154.31578947368422,134.73684210526315,0.997190392369327,0.8502202643171806,0.13411012108750286
22,Seddon Park,Hamilton,New Zealand,72,68,Natural,Grass,1,10000,Operational,Patumahoe Clay: A world-famous batting paradise.,13,179.92307692307693,163.3846153846154,1.062721741104659,0.8843537414965986,0.191958495460441
249,"Selangor Turf Club, Kuala Lumpur",Kuala Lumpur,Malaysia,68,64,Natural,Grass,0,1000,Operational,Klang River Silt: Often damp and assists slow bowlers.,7,135.0,132.14285714285714,0.9662403606534732,0.8202247191011236,0.11433868974042027
24,Senwes Park,Potchefstroom,South Africa,75,70,Natural,Grass,1,18000,Operational,North West Clay: Local high-clay soil; true bounce.,,,,,,
335,Shaheed Veer Narayan Singh International Stadium,Raipur,India,78,72,Natural,Grass,1,65000,Operational,Chhattisgarh Soil: Large dimensions; plays similar to MCG.,7,150.28571428571428,145.28571428571428,0.9917731218499413,0.8947368421052632,0.1451516954193932
136,Sharjah Cricket Stadium,Sharjah,UAE,65,62,Natural,Grass,1,16000,Operational,Imported Pakistan Clay: Record-breaking six-hitting hub.,87,155.1264367816092,143.38372093023256,0.9995575087696226,0.901593252108716,0.14668104716148642
324,Sheikh Abu Naser Stadium,Khulna,Bangladesh,70,65,Natural,Grass,1,20000,Operational,Coastal Alluvial Silt: Slower than the Chattogram track.,,,,,,
18,Sheikh Zayed Stadium,Abu Dhabi,UAE,74,70,Natural,Grass,1,20000,Operational,Nandipur Clay: Imported; iconic for its large grass banks.,90,151.06666666666666,138.44444444444446,0.9781539824242882,0.8835304822565969,0.13844490409928545
307,"Shere Bangla National Stadium, Mirpur",Mirpur,Bangladesh,70,66,Natural,Grass,1,25000,Operational,Mirpur Clay: Historically the best spinning track in Asia.,60,143.93333333333334,125.83333333333333,0.9455052562736989,0.8775773195876289,0.1311579392487138
240,"Shrimant Madhavrao Scindia Cricket Stadium, Gwalior",Gwalior,India,72,70,Natural,Grass,1,30000,Operational,Red Soil: Sourced from Maharashtra; new T20-focused venue.,,,,,,
244,"Sikh Union Club Ground, Nairobi",Nairobi,Kenya,68,64,Natural,Grass,0,2000,Operational,Kenyan Red Clay: Hard-baked soil; produces fast outfield.,11,153.45454545454547,132.8181818181818,0.9959846621315138,0.9117647058823529,0.14302191464821223
239,"Simar Cricket Ground, Rome",Rome,Italy,64,60,Synthetic,Grass,0,500,Operational,Synthetic Matting: Secondary hub for Italian league cricket.,12,149.5,124.91666666666667,0.9862020697530731,0.8529411764705882,0.1332868108862526
264,Singapore National Cricket Ground,Singapore,Singapore,70,66,Natural,Grass,1,5000,Operational,Australian Loam Mix: Specialized mix to counter humidity.,17,148.1764705882353,123.88235294117646,0.9791764807414463,0.8944723618090452,0.1535303776683087
157,"Sir Vivian Richards Stadium, North Sound, Antigua",Antigua,Antigua,72,68,Natural,Grass,1,10000,Operational,North Sound Clay: Provides life for fast bowlers.,33,141.36363636363637,127.42424242424242,0.9444505266268983,0.8661616161616161,0.14119099890230516
21,"Sky Stadium, Wellington",Wellington,New Zealand,75,70,Drop-in,Grass,1,34500,Operational,"Patumahoe Clay: ""Cake Tin"" layout; heavily wind-affected.",17,163.52941176470588,139.7058823529412,1.0246246666852479,0.9166666666666666,0.16194644696189495
207,"Solvangs Park, Glostrup",Glostrup,Denmark,62,58,Synthetic,Grass,0,500,Operational,Synthetic Matting: Standard Danish mat over concrete.,,,,,,
11,Sophia Gardens,Cardiff,UK,75,70,Natural,Grass,1,15643,Operational,"Oxfordshire Loam: Known for being a ""big"" ground.",11,148.72727272727272,137.9090909090909,0.9851773070757881,0.905511811023622,0.14640198511166252
209,"Sportpark Het Schootsveld, Deventer",Deventer,Netherlands,70,66,Natural,Grass,0,1000,Operational,Dutch Loam: Imported to survive the local climate.,7,151.28571428571428,144.14285714285714,0.9934434894048503,0.9102564102564102,0.1322013341419042
248,"Sportpark Maarschalkerweerd, Utrecht",Utrecht,Netherlands,70,66,Natural,Grass,0,2000,Operational,Dutch Loam: Primary hub for Central Dutch cricket.,5,160.0,131.75,1.0061710810630695,0.9298245614035088,0.13288718929254303
166,"Sportpark Westvliet, The Hague",The Hague,Netherlands,70,66,Natural,Grass,0,3000,Operational,Imported UK Loam: High clay content for turf quality.,20,150.3,137.75,0.9841798981840525,0.9108527131782945,0.1258682382656283
201,"St Albans Club, Buenos Aires",Buenos Aires,Argentina,65,60,Natural,Grass,0,500,Operational,Pampas Clay: Historic club ground in Argentina.,17,119.3529411764706,86.875,0.8938523002339258,0.8957345971563981,0.07793996144312862
263,"St George's College Ground, Buenos Aires",Buenos Aires,Argentina,65,60,Natural,Grass,0,500,Operational,Pampas Clay: Sourced locally; soft soil with low bounce.,9,102.33333333333333,68.77777777777777,0.8942710836843613,0.9097222222222222,0.059679037111334
78,"St George's Park, Gqeberha",Gqeberha,South Africa,75,70,Natural,Grass,1,19000,Operational,Eastern Cape Clay: Slower; aids reverse swing.,22,158.0909090909091,136.13636363636363,1.0097195088819615,0.8876404494382022,0.1379508825786646
225,St Georges Quilmes,Quilmes,Argentina,60,55,Natural,Grass,0,500,Operational,"Local Clay: Historic ground; low, slow bounce.",,,,,,
306,Stadium Australia,Sydney,Australia,85,75,Drop-in,Grass,1,82500,Operational,Bulli Clay: Sourced from NSW; multi-sport FIFA venue.,17,152.94117647058823,131.05882352941177,0.9932810901722812,0.8798076923076923,0.12956894378623646
272,"Stars Arena Hofstade, Zemst",Zemst,Belgium,62,58,Synthetic,Grass,0,300,Operational,Synthetic Matting: Home for domestic Belgian T10s.,7,139.57142857142858,120.42857142857143,0.9738763266187721,0.93,0.14705882352941177
283,"Stubberudmyra Cricket Ground, Oslo",Oslo,Norway,65,60,Synthetic,Grass,0,500,Operational,Synthetic Matting: Durable for Nordic international play.,,,,,,
40,SuperSport Park,Centurion,South Africa,75,70,Natural,Grass,1,22000,Operational,Highveld Clay: Sourced locally; famously fast pitch.,36,164.16666666666666,149.97142857142856,1.037093241675637,0.892018779342723,0.1752744510978044
130,"Svanholm Park, Brondby",Brondby,Denmark,68,64,Natural,Grass,0,1000,Operational,Imported UK Loam: Highest-standard grass square in Denmark.,11,138.27272727272728,107.0909090909091,0.9612764257025491,0.8873239436619719,0.09290271132376396
19,Sydney Cricket Ground,Sydney,Australia,80,75,Natural,Grass,1,48000,Operational,Bulli Clay: Traditionally favors spinners.,86,157.52325581395348,138.66666666666666,1.0120871565923952,0.8972667295004713,0.1428131258665845
338,Sydney Showground Stadium,Sydney,Australia,72,68,Drop-in,Grass,1,21500,Operational,NSW Black Clay: Boutique T20 stadium.,39,154.10256410256412,123.84615384615384,0.9952797654603013,0.9102296450939458,0.14366065151160065
47,Sylhet International Cricket Stadium,Sylhet,Bangladesh,72,68,Natural,Grass,1,18500,Operational,Tea Garden Soil: Hilly local soil; offers more bounce.,14,154.92857142857142,146.30769230769232,0.9992509878913585,0.8766233766233766,0.16251638269986893
259,"TCA Oval, Blantyre",Blantyre,Malawi,68,64,Natural,Grass,0,1500,Operational,Local Red Clay: African highland soil; dry and fast.,14,138.71428571428572,134.42857142857142,0.9562355141769128,0.9022988505747126,0.16076555023923444
223,"Tafawa Balewa Square Cricket Oval, Lagos",Lagos,Nigeria,68,64,Natural,Grass,0,2000,Operational,Local Red Clay: Nigeria's premier international hub.,22,117.04545454545455,78.27272727272727,0.8711983137927115,0.8277945619335347,0.06871988267337105
285,"Takashinga Sports Club, Highfield, Harare",Harare,Zimbabwe,68,64,Natural,Grass,0,1000,Operational,Local Red Clay: Key hub for community cricket in Harare.,10,140.1,111.7,0.9675475880930838,0.8666666666666667,0.1084967320261438
345,Ted Summerton Reserve,Moe,Australia,75,70,Natural,Grass,1,10000,Operational,Victorian Loam: Regional BBL venue for Melbourne Stars.,,,,,,
98,Terdthai Cricket Ground,Bangkok,Thailand,68,64,Natural,Grass,0,3000,Operational,Central Thai Silt: High moisture retention; slow track.,8,132.5,104.875,0.9581934664362206,0.8415841584158416,0.12608444187391557
230,"Terdthai Cricket Ground, Bangkok",Bangkok,Thailand,68,64,Natural,Grass,0,1000,Operational,Same as ID 98. Secondary venue for Asian qualifiers.,36,135.27777777777777,113.08333333333333,0.9174403821301055,0.8771551724137931,0.13559532687049466
9,The Rose Bowl,Southampton,UK,75,70,Natural,Grass,1,25000,Operational,Oxfordshire Loam: Circular ground with equal boundaries.,13,179.3846153846154,146.30769230769232,1.0613550767415514,0.9204545454545454,0.16204896907216496
49,"The Village, Malahide",Malahide,Ireland,72,68,Natural,Grass,0,11500,Operational,Ongar Loam: Imported; most picturesque ground in Europe.,17,165.1764705882353,140.1764705882353,1.0295003341428206,0.9056603773584906,0.17222511724856696
174,Tikkurila Cricket Ground,Vantaa,Finland,65,60,Natural,Grass,0,1000,Operational,Imported UK Loam: Necessary for turf in Nordic climates.,21,134.61904761904762,99.23809523809524,0.932046986406477,0.8821752265861027,0.09932694268815011
273,"Titwood, Glasgow",Glasgow,Scotland,70,65,Natural,Grass,0,2000,Operational,Banbury Loam: Imported from UK; historic Scottish venue.,6,162.33333333333334,148.5,1.0105897030714301,0.8877551020408163,0.13864701942397856
63,Tolerance Oval,Abu Dhabi,UAE,70,66,Natural,Grass,1,3000,Operational,Nandipur Clay: Imported from Pakistan; training hub.,9,126.77777777777777,110.66666666666667,0.9431478485915542,0.847457627118644,0.11197110423116616
323,Tony Ireland Stadium,Townsville,Australia,82,70,Natural,Grass,1,10000,Operational,Queensland Clay: Rebranded as Riverway Stadium.,,,,,,
343,Traeger Park,Alice Springs,Australia,80,72,Natural,Grass,1,10000,Operational,"Arid Zone Clay: Hard, dry soil; high bounce.",,,,,,
296,Trent Bridge,Nottingham,UK,70,65,Natural,Grass,1,17500,Operational,Oxfordshire Loam: Known for world-record scores.,14,165.71428571428572,149.5,1.027864805208016,0.8908045977011494,0.1513157894736842
119,"Tribhuvan University International Cricket Ground, Kirtipur",Kirtipur,Nepal,70,66,Natural,Grass,0,20000,Operational,Kathmandu Valley Clay: High altitude mountain soil.,34,168.58823529411765,145.72727272727272,1.054266572137451,0.9048723897911833,0.16670895711748288
177,"UKM-YSD Cricket Oval, Bangi",Bangi,Malaysia,68,64,Natural,Grass,1,1000,Operational,Selangor Alluvial Clay: Humid and slow conditions.,22,125.81818181818181,106.45,0.9008047264751313,0.8715953307392996,0.12272938984629717
226,Udayana Cricket Ground,Bali,Indonesia,65,60,Natural,Grass,0,500,Operational,Local Bali Silt: High organic content; slow and low.,72,127.31944444444444,102.29577464788733,0.8593649117205023,0.9050480769230769,0.12250902768490037
164,"United Cricket Club Ground, Windhoek",Windhoek,Namibia,72,68,Natural,Grass,0,1000,Operational,Khomas Clay: Sourced locally; very dry surface.,19,144.68421052631578,120.47368421052632,0.9669585751942134,0.8883720930232558,0.12713771377137714
182,"University Oval, Dunedin",Dunedin,New Zealand,75,70,Natural,Grass,0,6000,Operational,Otago Loam: Traditionally seam-friendly.,5,171.8,163.6,1.021376198291471,0.9393939393939394,0.19584837545126355
252,University of Dar-es-Salaam Ground,Dar-es-Salaam,Tanzania,65,60,Natural,Grass,0,500,Operational,Coastal Clay: Locally sourced; sandy and slow.,7,66.85714285714286,57.285714285714285,0.8524167429832369,0.8809523809523809,0.0636604774535809
231,University of Doha for Science and Technology,Doha,Qatar,68,64,Natural,Grass,1,1500,Operational,Imported Nandipur Clay: Pakistani soil for desert play.,13,157.3846153846154,126.07692307692308,1.0055170756203033,0.8876404494382022,0.13346290897311305
155,University of Lagos Cricket Oval,Lagos,Nigeria,62,58,Natural,Grass,0,1000,Operational,Ogun River Clay: Sourced locally; favors spin.,8,125.5,89.75,0.9453077738697787,0.9224137931034483,0.0779840848806366
352,"University of Tasmania Stadium, Launceston",Launceston,Australia,85,70,Drop-in,Grass,1,19000,Operational,Northern Tas Loam: AFL-sized boutique venue.,,,,,,
53,VRA Ground,Amstelveen,Netherlands,72,68,Natural,Grass,0,4500,Operational,Ongar Loam: Imported from UK; helps with drainage.,,,,,,
280,"Vassil Levski National Sports Academy, Sofia",Sofia,Bulgaria,65,60,Synthetic,Grass,0,500,Operational,Synthetic Matting: Durable for Balkan climates.,7,204.0,199.28571428571428,1.081495721942203,0.8928571428571429,0.2649783817171093
271,"Velden Cricket Ground, Latschach",Latschach,Austria,65,62,Natural,Grass,0,1000,Operational,Imported UK Loam: Sourced for European tournament play.,9,171.22222222222223,153.77777777777777,1.0320146938773602,0.9090909090909091,0.16884286357496622
14,"Vidarbha Cricket Association Stadium, Jamtha",Nagpur,India,80,75,Natural,Grass,1,45000,Operational,"Vidarbha Black Soil: Known for being a ""true"" pitch.",12,145.91666666666666,129.58333333333334,0.977544495059995,0.8197674418604651,0.1345093715545755
118,"Wanderers Cricket Ground, Windhoek",Windhoek,Namibia,72,68,Natural,Grass,0,2000,Operational,Khomas Clay: Very hard and dry surface.,25,146.96,123.5,0.9704670498789706,0.9097222222222222,0.1405593127399013
44,Wankhede Stadium,Mumbai,India,68,65,Natural,Grass,1,33108,Operational,Thane Red Soil: High bounce and coastal swing.,133,172.02255639097746,160.51127819548873,1.0941560791752392,0.9054726368159204,0.1794759825327511
170,"Warner Park, Basseterre, St Kitts",Basseterre,St Kitts,65,60,Natural,Grass,1,8000,Operational,Volcanic Soil: Road-like pitches; high-scoring.,105,164.24761904761905,145.76699029126215,1.0489066160034246,0.90854119425548,0.1644704332070499
156,"West End Park International Cricket Stadium, Doha",Doha,Qatar,72,68,Natural,Grass,1,13000,Operational,Imported Pakistan Clay: Mimics subcontinent conditions.,44,142.29545454545453,131.45454545454547,0.9427915715507221,0.8583765112262521,0.13064295485636115
291,"Western Australia Cricket Association Ground, Perth",Perth,Australia,75,70,Natural,Grass,1,20000,Operational,Harvey WA Clay: Historically the fastest in the world.,37,155.8918918918919,142.02702702702703,1.0028480238880402,0.8744186046511628,0.14594843462246776
88,"White Hill Field, Sandys Parish",Sandys Parish,Bermuda,68,64,Natural,Grass,0,1000,Operational,Bermuda Red Clay: Porous soil; quick drying.,12,132.58333333333334,108.91666666666667,0.9453302636438903,0.8924050632911392,0.12042851865533802
192,"Willowmoore Park, Benoni",Benoni,South Africa,72,68,Natural,Grass,1,20000,Operational,East Rand Clay: Seam-friendly green-top venue.,12,140.08333333333334,123.83333333333333,0.9634507688154492,0.8344370860927153,0.12446657183499289
168,"Windsor Park, Roseau, Dominica",Roseau,Dominica,72,68,Natural,Grass,1,12000,Operational,Volcanic Silt: Black soil; favors spin late game.,,,,,,
250,"YSD-UKM Cricket Oval, Bangi",Bangi,Malaysia,68,64,Natural,Grass,1,1000,Operational,Selangor Clay: Humid and slow conditions.,10,109.9,77.7,0.9026896021753266,0.8608695652173913,0.09893048128342247
253,"Yeonhui Cricket Ground, Incheon",Incheon,South Korea,68,64,Natural,Grass,0,2500,Operational,Imported NSW Clay: Australia soil for high standards.,14,124.78571428571429,82.64285714285714,0.9192838957878516,0.8434343434343434,0.07133798351299937
87,Zahur Ahmed Chowdhury Stadium,Chattogram,Bangladesh,70,66,Natural,Grass,1,22000,Operational,Local Silt: Flat batting track.,23,149.6086956521739,125.91304347826087,0.9806938153619349,0.9069767441860465,0.14784474351472596
135,"Zayed Cricket Stadium, Abu Dhabi",Abu Dhabi,UAE,74,70,Natural,Grass,1,20000,Operational,Nandipur Clay: Imported from Pakistan.,27,151.33333333333334,142.37037037037038,0.985648296026398,0.9085173501577287,0.14335333122829175
221,Zhejiang University of Technology Cricket Field,Hangzhou,China,68,64,Natural,Grass,0,3000,Operational,Imported NSW Clay: Australia soil for Asian Games legacy.,6,156.0,98.0,1.0011732354267224,0.9594594594594594,0.1597051597051597
